data_hora,data,hora,dia_da_semana,eh_dia_util,em_horario_trabalho,kwh
2025-09-01 00:00:00,2025-09-01,0,0,True,False,2.42
2025-09-01 01:00:00,2025-09-01,1,0,True,False,2.41
2025-09-01 02:00:00,2025-09-01,2,0,True,False,2.2
2025-09-01 03:00:00,2025-09-01,3,0,True,False,3.72
2025-09-01 04:00:00,2025-09-01,4,0,True,False,1.87
2025-09-01 05:00:00,2025-09-01,5,0,True,False,2.21
2025-09-01 06:00:00,2025-09-01,6,0,True,False,1.82
2025-09-01 07:00:00,2025-09-01,7,0,True,False,2.87
2025-09-01 08:00:00,2025-09-01,8,0,True,True,12.93
2025-09-01 09:00:00,2025-09-01,9,0,True,True,11.61
2025-09-01 10:00:00,2025-09-01,10,0,True,True,12.09
2025-09-01 11:00:00,2025-09-01,11,0,True,True,12.75
2025-09-01 12:00:00,2025-09-01,12,0,True,True,13.0
2025-09-01 13:00:00,2025-09-01,13,0,True,True,10.7
2025-09-01 14:00:00,2025-09-01,14,0,True,True,10.15
2025-09-01 15:00:00,2025-09-01,15,0,True,True,10.77
2025-09-01 16:00:00,2025-09-01,16,0,True,True,13.11
2025-09-01 17:00:00,2025-09-01,17,0,True,True,12.43
2025-09-01 18:00:00,2025-09-01,18,0,True,True,10.1
2025-09-01 19:00:00,2025-09-01,19,0,True,False,3.44
2025-09-01 20:00:00,2025-09-01,20,0,True,False,3.46
2025-09-01 21:00:00,2025-09-01,21,0,True,False,2.73
2025-09-01 22:00:00,2025-09-01,22,0,True,False,4.0
2025-09-01 23:00:00,2025-09-01,23,0,True,False,4.11
2025-09-02 00:00:00,2025-09-02,0,1,True,False,1.87
2025-09-02 01:00:00,2025-09-02,1,1,True,False,2.07
2025-09-02 02:00:00,2025-09-02,2,1,True,False,3.25
2025-09-02 03:00:00,2025-09-02,3,1,True,False,2.82
2025-09-02 04:00:00,2025-09-02,4,1,True,False,2.46
2025-09-02 05:00:00,2025-09-02,5,1,True,False,3.72
2025-09-02 06:00:00,2025-09-02,6,1,True,False,3.48
2025-09-02 07:00:00,2025-09-02,7,1,True,False,2.04
2025-09-02 08:00:00,2025-09-02,8,1,True,True,13.86
2025-09-02 09:00:00,2025-09-02,9,1,True,True,10.65
2025-09-02 10:00:00,2025-09-02,10,1,True,True,11.91
2025-09-02 11:00:00,2025-09-02,11,1,True,True,12.92
2025-09-02 12:00:00,2025-09-02,12,1,True,True,14.12
2025-09-02 13:00:00,2025-09-02,13,1,True,True,13.54
2025-09-02 14:00:00,2025-09-02,14,1,True,True,14.25
2025-09-02 15:00:00,2025-09-02,15,1,True,True,12.57
2025-09-02 16:00:00,2025-09-02,16,1,True,True,12.49
2025-09-02 17:00:00,2025-09-02,17,1,True,True,10.52
2025-09-02 18:00:00,2025-09-02,18,1,True,True,9.73
2025-09-02 19:00:00,2025-09-02,19,1,True,False,3.33
2025-09-02 20:00:00,2025-09-02,20,1,True,False,3.65
2025-09-02 21:00:00,2025-09-02,21,1,True,False,3.06
2025-09-02 22:00:00,2025-09-02,22,1,True,False,2.39
2025-09-02 23:00:00,2025-09-02,23,1,True,False,2.19
2025-09-03 00:00:00,2025-09-03,0,2,True,False,4.01
2025-09-03 01:00:00,2025-09-03,1,2,True,False,4.09
2025-09-03 02:00:00,2025-09-03,2,2,True,False,4.02
2025-09-03 03:00:00,2025-09-03,3,2,True,False,3.84
2025-09-03 04:00:00,2025-09-03,4,2,True,False,2.56
2025-09-03 05:00:00,2025-09-03,5,2,True,False,2.74
2025-09-03 06:00:00,2025-09-03,6,2,True,False,2.84
2025-09-03 07:00:00,2025-09-03,7,2,True,False,2.55
2025-09-03 08:00:00,2025-09-03,8,2,True,True,10.74
2025-09-03 09:00:00,2025-09-03,9,2,True,True,11.57
2025-09-03 10:00:00,2025-09-03,10,2,True,True,12.31
2025-09-03 11:00:00,2025-09-03,11,2,True,True,15.28
2025-09-03 12:00:00,2025-09-03,12,2,True,True,14.81
2025-09-03 13:00:00,2025-09-03,13,2,True,True,11.0
2025-09-03 14:00:00,2025-09-03,14,2,True,True,11.45
2025-09-03 15:00:00,2025-09-03,15,2,True,True,12.38
2025-09-03 16:00:00,2025-09-03,16,2,True,True,10.4
2025-09-03 17:00:00,2025-09-03,17,2,True,True,11.12
2025-09-03 18:00:00,2025-09-03,18,2,True,True,10.83
2025-09-03 19:00:00,2025-09-03,19,2,True,False,2.48
2025-09-03 20:00:00,2025-09-03,20,2,True,False,3.11
2025-09-03 21:00:00,2025-09-03,21,2,True,False,3.69
2025-09-03 22:00:00,2025-09-03,22,2,True,False,3.16
2025-09-03 23:00:00,2025-09-03,23,2,True,False,3.49
2025-09-04 00:00:00,2025-09-04,0,3,True,False,2.03
2025-09-04 01:00:00,2025-09-04,1,3,True,False,2.65
2025-09-04 02:00:00,2025-09-04,2,3,True,False,2.59
2025-09-04 03:00:00,2025-09-04,3,3,True,False,2.3
2025-09-04 04:00:00,2025-09-04,4,3,True,False,3.22
2025-09-04 05:00:00,2025-09-04,5,3,True,False,1.98
2025-09-04 06:00:00,2025-09-04,6,3,True,False,3.57
2025-09-04 07:00:00,2025-09-04,7,3,True,False,2.23
2025-09-04 08:00:00,2025-09-04,8,3,True,True,11.6
2025-09-04 09:00:00,2025-09-04,9,3,True,True,13.47
2025-09-04 10:00:00,2025-09-04,10,3,True,True,14.5
2025-09-04 11:00:00,2025-09-04,11,3,True,True,11.97
2025-09-04 12:00:00,2025-09-04,12,3,True,True,10.03
2025-09-04 13:00:00,2025-09-04,13,3,True,True,12.1
2025-09-04 14:00:00,2025-09-04,14,3,True,True,13.82
2025-09-04 15:00:00,2025-09-04,15,3,True,True,10.79
2025-09-04 16:00:00,2025-09-04,16,3,True,True,10.88
2025-09-04 17:00:00,2025-09-04,17,3,True,True,10.3
2025-09-04 18:00:00,2025-09-04,18,3,True,True,10.56
2025-09-04 19:00:00,2025-09-04,19,3,True,False,3.02
2025-09-04 20:00:00,2025-09-04,20,3,True,False,3.52
2025-09-04 21:00:00,2025-09-04,21,3,True,False,2.19
2025-09-04 22:00:00,2025-09-04,22,3,True,False,2.88
2025-09-04 23:00:00,2025-09-04,23,3,True,False,4.08
2025-09-05 00:00:00,2025-09-05,0,4,True,False,3.05
2025-09-05 01:00:00,2025-09-05,1,4,True,False,2.78
2025-09-05 02:00:00,2025-09-05,2,4,True,False,2.79
2025-09-05 03:00:00,2025-09-05,3,4,True,False,3.19
2025-09-05 04:00:00,2025-09-05,4,4,True,False,4.41
2025-09-05 05:00:00,2025-09-05,5,4,True,False,3.01
2025-09-05 06:00:00,2025-09-05,6,4,True,False,2.1
2025-09-05 07:00:00,2025-09-05,7,4,True,False,2.34
2025-09-05 08:00:00,2025-09-05,8,4,True,True,13.19
2025-09-05 09:00:00,2025-09-05,9,4,True,True,15.06
2025-09-05 10:00:00,2025-09-05,10,4,True,True,14.68
2025-09-05 11:00:00,2025-09-05,11,4,True,True,12.16
2025-09-05 12:00:00,2025-09-05,12,4,True,True,13.98
2025-09-05 13:00:00,2025-09-05,13,4,True,True,12.63
2025-09-05 14:00:00,2025-09-05,14,4,True,True,14.87
2025-09-05 15:00:00,2025-09-05,15,4,True,True,11.01
2025-09-05 16:00:00,2025-09-05,16,4,True,True,13.39
2025-09-05 17:00:00,2025-09-05,17,4,True,True,13.72
2025-09-05 18:00:00,2025-09-05,18,4,True,True,13.2
2025-09-05 19:00:00,2025-09-05,19,4,True,False,3.0
2025-09-05 20:00:00,2025-09-05,20,4,True,False,3.71
2025-09-05 21:00:00,2025-09-05,21,4,True,False,3.9
2025-09-05 22:00:00,2025-09-05,22,4,True,False,3.45
2025-09-05 23:00:00,2025-09-05,23,4,True,False,3.3
2025-09-06 00:00:00,2025-09-06,0,5,False,False,2.47
2025-09-06 01:00:00,2025-09-06,1,5,False,False,1.73
2025-09-06 02:00:00,2025-09-06,2,5,False,False,1.8
2025-09-06 03:00:00,2025-09-06,3,5,False,False,0.82
2025-09-06 04:00:00,2025-09-06,4,5,False,False,1.39
2025-09-06 05:00:00,2025-09-06,5,5,False,False,2.29
2025-09-06 06:00:00,2025-09-06,6,5,False,False,0.79
2025-09-06 07:00:00,2025-09-06,7,5,False,False,1.94
2025-09-06 08:00:00,2025-09-06,8,5,False,False,2.7
2025-09-06 09:00:00,2025-09-06,9,5,False,False,0.79
2025-09-06 10:00:00,2025-09-06,10,5,False,False,4.87
2025-09-06 11:00:00,2025-09-06,11,5,False,False,6.47
2025-09-06 12:00:00,2025-09-06,12,5,False,False,6.18
2025-09-06 13:00:00,2025-09-06,13,5,False,False,5.1
2025-09-06 14:00:00,2025-09-06,14,5,False,False,6.25
2025-09-06 15:00:00,2025-09-06,15,5,False,False,3.73
2025-09-06 16:00:00,2025-09-06,16,5,False,False,3.84
2025-09-06 17:00:00,2025-09-06,17,5,False,False,1.84
2025-09-06 18:00:00,2025-09-06,18,5,False,False,1.41
2025-09-06 19:00:00,2025-09-06,19,5,False,False,1.95
2025-09-06 20:00:00,2025-09-06,20,5,False,False,2.43
2025-09-06 21:00:00,2025-09-06,21,5,False,False,2.72
2025-09-06 22:00:00,2025-09-06,22,5,False,False,1.62
2025-09-06 23:00:00,2025-09-06,23,5,False,False,2.13
2025-09-07 00:00:00,2025-09-07,0,6,False,False,0.96
2025-09-07 01:00:00,2025-09-07,1,6,False,False,1.76
2025-09-07 02:00:00,2025-09-07,2,6,False,False,1.59
2025-09-07 03:00:00,2025-09-07,3,6,False,False,1.84
2025-09-07 04:00:00,2025-09-07,4,6,False,False,2.26
2025-09-07 05:00:00,2025-09-07,5,6,False,False,1.49
2025-09-07 06:00:00,2025-09-07,6,6,False,False,1.77
2025-09-07 07:00:00,2025-09-07,7,6,False,False,3.42
2025-09-07 08:00:00,2025-09-07,8,6,False,False,2.26
2025-09-07 09:00:00,2025-09-07,9,6,False,False,2.19
2025-09-07 10:00:00,2025-09-07,10,6,False,False,6.25
2025-09-07 11:00:00,2025-09-07,11,6,False,False,6.31
2025-09-07 12:00:00,2025-09-07,12,6,False,False,5.58
2025-09-07 13:00:00,2025-09-07,13,6,False,False,5.18
2025-09-07 14:00:00,2025-09-07,14,6,False,False,6.74
2025-09-07 15:00:00,2025-09-07,15,6,False,False,5.02
2025-09-07 16:00:00,2025-09-07,16,6,False,False,6.35
2025-09-07 17:00:00,2025-09-07,17,6,False,False,2.29
2025-09-07 18:00:00,2025-09-07,18,6,False,False,2.37
2025-09-07 19:00:00,2025-09-07,19,6,False,False,2.78
2025-09-07 20:00:00,2025-09-07,20,6,False,False,1.73
2025-09-07 21:00:00,2025-09-07,21,6,False,False,2.4
2025-09-07 22:00:00,2025-09-07,22,6,False,False,2.44
2025-09-07 23:00:00,2025-09-07,23,6,False,False,2.19
2025-09-08 00:00:00,2025-09-08,0,0,True,False,3.15
2025-09-08 01:00:00,2025-09-08,1,0,True,False,3.38
2025-09-08 02:00:00,2025-09-08,2,0,True,False,2.21
2025-09-08 03:00:00,2025-09-08,3,0,True,False,3.93
2025-09-08 04:00:00,2025-09-08,4,0,True,False,2.57
2025-09-08 05:00:00,2025-09-08,5,0,True,False,2.28
2025-09-08 06:00:00,2025-09-08,6,0,True,False,3.73
2025-09-08 07:00:00,2025-09-08,7,0,True,False,3.72
2025-09-08 08:00:00,2025-09-08,8,0,True,True,15.33
2025-09-08 09:00:00,2025-09-08,9,0,True,True,12.56
2025-09-08 10:00:00,2025-09-08,10,0,True,True,11.83
2025-09-08 11:00:00,2025-09-08,11,0,True,True,13.4
2025-09-08 12:00:00,2025-09-08,12,0,True,True,13.75
2025-09-08 13:00:00,2025-09-08,13,0,True,True,12.74
2025-09-08 14:00:00,2025-09-08,14,0,True,True,12.11
2025-09-08 15:00:00,2025-09-08,15,0,True,True,10.83
2025-09-08 16:00:00,2025-09-08,16,0,True,True,10.9
2025-09-08 17:00:00,2025-09-08,17,0,True,True,10.91
2025-09-08 18:00:00,2025-09-08,18,0,True,True,10.29
2025-09-08 19:00:00,2025-09-08,19,0,True,False,3.7
2025-09-08 20:00:00,2025-09-08,20,0,True,False,3.76
2025-09-08 21:00:00,2025-09-08,21,0,True,False,3.75
2025-09-08 22:00:00,2025-09-08,22,0,True,False,3.77
2025-09-08 23:00:00,2025-09-08,23,0,True,False,2.58
2025-09-09 00:00:00,2025-09-09,0,1,True,False,2.94
2025-09-09 01:00:00,2025-09-09,1,1,True,False,4.28
2025-09-09 02:00:00,2025-09-09,2,1,True,False,2.13
2025-09-09 03:00:00,2025-09-09,3,1,True,False,2.94
2025-09-09 04:00:00,2025-09-09,4,1,True,False,2.49
2025-09-09 05:00:00,2025-09-09,5,1,True,False,3.4
2025-09-09 06:00:00,2025-09-09,6,1,True,False,3.49
2025-09-09 07:00:00,2025-09-09,7,1,True,False,3.48
2025-09-09 08:00:00,2025-09-09,8,1,True,True,11.14
2025-09-09 09:00:00,2025-09-09,9,1,True,True,15.26
2025-09-09 10:00:00,2025-09-09,10,1,True,True,10.51
2025-09-09 11:00:00,2025-09-09,11,1,True,True,12.63
2025-09-09 12:00:00,2025-09-09,12,1,True,True,13.02
2025-09-09 13:00:00,2025-09-09,13,1,True,True,13.7
2025-09-09 14:00:00,2025-09-09,14,1,True,True,12.89
2025-09-09 15:00:00,2025-09-09,15,1,True,True,13.39
2025-09-09 16:00:00,2025-09-09,16,1,True,True,11.34
2025-09-09 17:00:00,2025-09-09,17,1,True,True,11.36
2025-09-09 18:00:00,2025-09-09,18,1,True,True,12.34
2025-09-09 19:00:00,2025-09-09,19,1,True,False,3.74
2025-09-09 20:00:00,2025-09-09,20,1,True,False,3.59
2025-09-09 21:00:00,2025-09-09,21,1,True,False,3.28
2025-09-09 22:00:00,2025-09-09,22,1,True,False,3.84
2025-09-09 23:00:00,2025-09-09,23,1,True,False,3.54
2025-09-10 00:00:00,2025-09-10,0,2,True,False,4.06
2025-09-10 01:00:00,2025-09-10,1,2,True,False,2.43
2025-09-10 02:00:00,2025-09-10,2,2,True,False,4.02
2025-09-10 03:00:00,2025-09-10,3,2,True,False,3.02
2025-09-10 04:00:00,2025-09-10,4,2,True,False,2.8
2025-09-10 05:00:00,2025-09-10,5,2,True,False,3.71
2025-09-10 06:00:00,2025-09-10,6,2,True,False,4.08
2025-09-10 07:00:00,2025-09-10,7,2,True,False,3.98
2025-09-10 08:00:00,2025-09-10,8,2,True,True,14.15
2025-09-10 09:00:00,2025-09-10,9,2,True,True,10.17
2025-09-10 10:00:00,2025-09-10,10,2,True,True,14.36
2025-09-10 11:00:00,2025-09-10,11,2,True,True,13.52
2025-09-10 12:00:00,2025-09-10,12,2,True,True,12.84
2025-09-10 13:00:00,2025-09-10,13,2,True,True,13.27
2025-09-10 14:00:00,2025-09-10,14,2,True,True,12.64
2025-09-10 15:00:00,2025-09-10,15,2,True,True,14.73
2025-09-10 16:00:00,2025-09-10,16,2,True,True,13.07
2025-09-10 17:00:00,2025-09-10,17,2,True,True,12.07
2025-09-10 18:00:00,2025-09-10,18,2,True,True,11.12
2025-09-10 19:00:00,2025-09-10,19,2,True,False,2.69
2025-09-10 20:00:00,2025-09-10,20,2,True,False,1.75
2025-09-10 21:00:00,2025-09-10,21,2,True,False,3.31
2025-09-10 22:00:00,2025-09-10,22,2,True,False,3.87
2025-09-10 23:00:00,2025-09-10,23,2,True,False,2.92
2025-09-11 00:00:00,2025-09-11,0,3,True,False,3.09
2025-09-11 01:00:00,2025-09-11,1,3,True,False,4.0
2025-09-11 02:00:00,2025-09-11,2,3,True,False,2.29
2025-09-11 03:00:00,2025-09-11,3,3,True,False,2.76
2025-09-11 04:00:00,2025-09-11,4,3,True,False,2.92
2025-09-11 05:00:00,2025-09-11,5,3,True,False,2.78
2025-09-11 06:00:00,2025-09-11,6,3,True,False,3.23
2025-09-11 07:00:00,2025-09-11,7,3,True,False,2.24
2025-09-11 08:00:00,2025-09-11,8,3,True,True,10.31
2025-09-11 09:00:00,2025-09-11,9,3,True,True,11.87
2025-09-11 10:00:00,2025-09-11,10,3,True,True,15.1
2025-09-11 11:00:00,2025-09-11,11,3,True,True,10.77
2025-09-11 12:00:00,2025-09-11,12,3,True,True,10.72
2025-09-11 13:00:00,2025-09-11,13,3,True,True,10.28
2025-09-11 14:00:00,2025-09-11,14,3,True,True,10.17
2025-09-11 15:00:00,2025-09-11,15,3,True,True,11.76
2025-09-11 16:00:00,2025-09-11,16,3,True,True,12.49
2025-09-11 17:00:00,2025-09-11,17,3,True,True,14.01
2025-09-11 18:00:00,2025-09-11,18,3,True,True,13.39
2025-09-11 19:00:00,2025-09-11,19,3,True,False,3.31
2025-09-11 20:00:00,2025-09-11,20,3,True,False,2.2
2025-09-11 21:00:00,2025-09-11,21,3,True,False,2.6
2025-09-11 22:00:00,2025-09-11,22,3,True,False,3.05
2025-09-11 23:00:00,2025-09-11,23,3,True,False,2.84
2025-09-12 00:00:00,2025-09-12,0,4,True,False,2.33
2025-09-12 01:00:00,2025-09-12,1,4,True,False,3.49
2025-09-12 02:00:00,2025-09-12,2,4,True,False,2.73
2025-09-12 03:00:00,2025-09-12,3,4,True,False,2.92
2025-09-12 04:00:00,2025-09-12,4,4,True,False,2.82
2025-09-12 05:00:00,2025-09-12,5,4,True,False,2.48
2025-09-12 06:00:00,2025-09-12,6,4,True,False,1.72
2025-09-12 07:00:00,2025-09-12,7,4,True,False,2.46
2025-09-12 08:00:00,2025-09-12,8,4,True,True,10.66
2025-09-12 09:00:00,2025-09-12,9,4,True,True,13.67
2025-09-12 10:00:00,2025-09-12,10,4,True,True,13.68
2025-09-12 11:00:00,2025-09-12,11,4,True,True,12.68
2025-09-12 12:00:00,2025-09-12,12,4,True,True,12.8
2025-09-12 13:00:00,2025-09-12,13,4,True,True,11.11
2025-09-12 14:00:00,2025-09-12,14,4,True,True,11.84
2025-09-12 15:00:00,2025-09-12,15,4,True,True,12.46
2025-09-12 16:00:00,2025-09-12,16,4,True,True,11.79
2025-09-12 17:00:00,2025-09-12,17,4,True,True,11.22
2025-09-12 18:00:00,2025-09-12,18,4,True,True,10.37
2025-09-12 19:00:00,2025-09-12,19,4,True,False,2.13
2025-09-12 20:00:00,2025-09-12,20,4,True,False,2.12
2025-09-12 21:00:00,2025-09-12,21,4,True,False,3.63
2025-09-12 22:00:00,2025-09-12,22,4,True,False,1.41
2025-09-12 23:00:00,2025-09-12,23,4,True,False,4.17
2025-09-13 00:00:00,2025-09-13,0,5,False,False,1.34
2025-09-13 01:00:00,2025-09-13,1,5,False,False,2.71
2025-09-13 02:00:00,2025-09-13,2,5,False,False,2.42
2025-09-13 03:00:00,2025-09-13,3,5,False,False,2.18
2025-09-13 04:00:00,2025-09-13,4,5,False,False,3.47
2025-09-13 05:00:00,2025-09-13,5,5,False,False,2.05
2025-09-13 06:00:00,2025-09-13,6,5,False,False,2.37
2025-09-13 07:00:00,2025-09-13,7,5,False,False,1.55
2025-09-13 08:00:00,2025-09-13,8,5,False,False,1.88
2025-09-13 09:00:00,2025-09-13,9,5,False,False,2.13
2025-09-13 10:00:00,2025-09-13,10,5,False,False,4.52
2025-09-13 11:00:00,2025-09-13,11,5,False,False,5.52
2025-09-13 12:00:00,2025-09-13,12,5,False,False,5.55
2025-09-13 13:00:00,2025-09-13,13,5,False,False,4.28
2025-09-13 14:00:00,2025-09-13,14,5,False,False,4.01
2025-09-13 15:00:00,2025-09-13,15,5,False,False,6.27
2025-09-13 16:00:00,2025-09-13,16,5,False,False,6.06
2025-09-13 17:00:00,2025-09-13,17,5,False,False,2.55
2025-09-13 18:00:00,2025-09-13,18,5,False,False,1.75
2025-09-13 19:00:00,2025-09-13,19,5,False,False,1.39
2025-09-13 20:00:00,2025-09-13,20,5,False,False,1.28
2025-09-13 21:00:00,2025-09-13,21,5,False,False,3.16
2025-09-13 22:00:00,2025-09-13,22,5,False,False,1.1
2025-09-13 23:00:00,2025-09-13,23,5,False,False,1.5
2025-09-14 00:00:00,2025-09-14,0,6,False,False,1.49
2025-09-14 01:00:00,2025-09-14,1,6,False,False,2.36
2025-09-14 02:00:00,2025-09-14,2,6,False,False,1.64
2025-09-14 03:00:00,2025-09-14,3,6,False,False,2.92
2025-09-14 04:00:00,2025-09-14,4,6,False,False,1.68
2025-09-14 05:00:00,2025-09-14,5,6,False,False,0.93
2025-09-14 06:00:00,2025-09-14,6,6,False,False,2.02
2025-09-14 07:00:00,2025-09-14,7,6,False,False,2.8
2025-09-14 08:00:00,2025-09-14,8,6,False,False,2.04
2025-09-14 09:00:00,2025-09-14,9,6,False,False,2.28
2025-09-14 10:00:00,2025-09-14,10,6,False,False,4.4
2025-09-14 11:00:00,2025-09-14,11,6,False,False,5.18
2025-09-14 12:00:00,2025-09-14,12,6,False,False,4.57
2025-09-14 13:00:00,2025-09-14,13,6,False,False,5.97
2025-09-14 14:00:00,2025-09-14,14,6,False,False,6.54
2025-09-14 15:00:00,2025-09-14,15,6,False,False,5.06
2025-09-14 16:00:00,2025-09-14,16,6,False,False,5.2
2025-09-14 17:00:00,2025-09-14,17,6,False,False,2.87
2025-09-14 18:00:00,2025-09-14,18,6,False,False,2.07
2025-09-14 19:00:00,2025-09-14,19,6,False,False,1.17
2025-09-14 20:00:00,2025-09-14,20,6,False,False,1.75
2025-09-14 21:00:00,2025-09-14,21,6,False,False,2.57
2025-09-14 22:00:00,2025-09-14,22,6,False,False,1.9
2025-09-14 23:00:00,2025-09-14,23,6,False,False,1.78
2025-09-15 00:00:00,2025-09-15,0,0,True,False,2.41
2025-09-15 01:00:00,2025-09-15,1,0,True,False,3.05
2025-09-15 02:00:00,2025-09-15,2,0,True,False,2.98
2025-09-15 03:00:00,2025-09-15,3,0,True,False,4.02
2025-09-15 04:00:00,2025-09-15,4,0,True,False,2.57
2025-09-15 05:00:00,2025-09-15,5,0,True,False,4.02
2025-09-15 06:00:00,2025-09-15,6,0,True,False,3.49
2025-09-15 07:00:00,2025-09-15,7,0,True,False,2.87
2025-09-15 08:00:00,2025-09-15,8,0,True,True,12.18
2025-09-15 09:00:00,2025-09-15,9,0,True,True,14.66
2025-09-15 10:00:00,2025-09-15,10,0,True,True,13.02
2025-09-15 11:00:00,2025-09-15,11,0,True,True,12.15
2025-09-15 12:00:00,2025-09-15,12,0,True,True,10.6
2025-09-15 13:00:00,2025-09-15,13,0,True,True,9.85
2025-09-15 14:00:00,2025-09-15,14,0,True,True,11.92
2025-09-15 15:00:00,2025-09-15,15,0,True,True,13.9
2025-09-15 16:00:00,2025-09-15,16,0,True,True,12.11
2025-09-15 17:00:00,2025-09-15,17,0,True,True,12.02
2025-09-15 18:00:00,2025-09-15,18,0,True,True,10.79
2025-09-15 19:00:00,2025-09-15,19,0,True,False,2.31
2025-09-15 20:00:00,2025-09-15,20,0,True,False,3.24
2025-09-15 21:00:00,2025-09-15,21,0,True,False,2.68
2025-09-15 22:00:00,2025-09-15,22,0,True,False,2.86
2025-09-15 23:00:00,2025-09-15,23,0,True,False,4.08
2025-09-16 00:00:00,2025-09-16,0,1,True,False,2.06
2025-09-16 01:00:00,2025-09-16,1,1,True,False,3.94
2025-09-16 02:00:00,2025-09-16,2,1,True,False,2.8
2025-09-16 03:00:00,2025-09-16,3,1,True,False,3.54
2025-09-16 04:00:00,2025-09-16,4,1,True,False,2.39
2025-09-16 05:00:00,2025-09-16,5,1,True,False,2.43
2025-09-16 06:00:00,2025-09-16,6,1,True,False,2.84
2025-09-16 07:00:00,2025-09-16,7,1,True,False,1.8
2025-09-16 08:00:00,2025-09-16,8,1,True,True,14.29
2025-09-16 09:00:00,2025-09-16,9,1,True,True,11.41
2025-09-16 10:00:00,2025-09-16,10,1,True,True,11.65
2025-09-16 11:00:00,2025-09-16,11,1,True,True,10.97
2025-09-16 12:00:00,2025-09-16,12,1,True,True,14.26
2025-09-16 13:00:00,2025-09-16,13,1,True,True,11.51
2025-09-16 14:00:00,2025-09-16,14,1,True,True,13.11
2025-09-16 15:00:00,2025-09-16,15,1,True,True,10.76
2025-09-16 16:00:00,2025-09-16,16,1,True,True,13.55
2025-09-16 17:00:00,2025-09-16,17,1,True,True,11.12
2025-09-16 18:00:00,2025-09-16,18,1,True,True,11.18
2025-09-16 19:00:00,2025-09-16,19,1,True,False,2.32
2025-09-16 20:00:00,2025-09-16,20,1,True,False,3.2
2025-09-16 21:00:00,2025-09-16,21,1,True,False,2.42
2025-09-16 22:00:00,2025-09-16,22,1,True,False,3.51
2025-09-16 23:00:00,2025-09-16,23,1,True,False,2.87
2025-09-17 00:00:00,2025-09-17,0,2,True,False,3.14
2025-09-17 01:00:00,2025-09-17,1,2,True,False,3.51
2025-09-17 02:00:00,2025-09-17,2,2,True,False,1.53
2025-09-17 03:00:00,2025-09-17,3,2,True,False,4.31
2025-09-17 04:00:00,2025-09-17,4,2,True,False,3.26
2025-09-17 05:00:00,2025-09-17,5,2,True,False,2.51
2025-09-17 06:00:00,2025-09-17,6,2,True,False,3.41
2025-09-17 07:00:00,2025-09-17,7,2,True,False,2.39
2025-09-17 08:00:00,2025-09-17,8,2,True,True,12.23
2025-09-17 09:00:00,2025-09-17,9,2,True,True,14.58
2025-09-17 10:00:00,2025-09-17,10,2,True,True,14.11
2025-09-17 11:00:00,2025-09-17,11,2,True,True,13.99
2025-09-17 12:00:00,2025-09-17,12,2,True,True,12.77
2025-09-17 13:00:00,2025-09-17,13,2,True,True,11.49
2025-09-17 14:00:00,2025-09-17,14,2,True,True,10.31
2025-09-17 15:00:00,2025-09-17,15,2,True,True,11.39
2025-09-17 16:00:00,2025-09-17,16,2,True,True,9.6
2025-09-17 17:00:00,2025-09-17,17,2,True,True,12.94
2025-09-17 18:00:00,2025-09-17,18,2,True,True,13.12
2025-09-17 19:00:00,2025-09-17,19,2,True,False,2.18
2025-09-17 20:00:00,2025-09-17,20,2,True,False,2.76
2025-09-17 21:00:00,2025-09-17,21,2,True,False,3.8
2025-09-17 22:00:00,2025-09-17,22,2,True,False,2.3
2025-09-17 23:00:00,2025-09-17,23,2,True,False,3.01
2025-09-18 00:00:00,2025-09-18,0,3,True,False,2.93
2025-09-18 01:00:00,2025-09-18,1,3,True,False,3.27
2025-09-18 02:00:00,2025-09-18,2,3,True,False,2.03
2025-09-18 03:00:00,2025-09-18,3,3,True,False,2.47
2025-09-18 04:00:00,2025-09-18,4,3,True,False,3.61
2025-09-18 05:00:00,2025-09-18,5,3,True,False,2.43
2025-09-18 06:00:00,2025-09-18,6,3,True,False,3.36
2025-09-18 07:00:00,2025-09-18,7,3,True,False,2.48
2025-09-18 08:00:00,2025-09-18,8,3,True,True,10.34
2025-09-18 09:00:00,2025-09-18,9,3,True,True,9.8
2025-09-18 10:00:00,2025-09-18,10,3,True,True,11.97
2025-09-18 11:00:00,2025-09-18,11,3,True,True,14.15
2025-09-18 12:00:00,2025-09-18,12,3,True,True,10.59
2025-09-18 13:00:00,2025-09-18,13,3,True,True,12.38
2025-09-18 14:00:00,2025-09-18,14,3,True,True,12.97
2025-09-18 15:00:00,2025-09-18,15,3,True,True,13.98
2025-09-18 16:00:00,2025-09-18,16,3,True,True,13.67
2025-09-18 17:00:00,2025-09-18,17,3,True,True,13.23
2025-09-18 18:00:00,2025-09-18,18,3,True,True,11.41
2025-09-18 19:00:00,2025-09-18,19,3,True,False,3.02
2025-09-18 20:00:00,2025-09-18,20,3,True,False,3.99
2025-09-18 21:00:00,2025-09-18,21,3,True,False,3.5
2025-09-18 22:00:00,2025-09-18,22,3,True,False,3.25
2025-09-18 23:00:00,2025-09-18,23,3,True,False,3.17
2025-09-19 00:00:00,2025-09-19,0,4,True,False,2.69
2025-09-19 01:00:00,2025-09-19,1,4,True,False,2.11
2025-09-19 02:00:00,2025-09-19,2,4,True,False,3.53
2025-09-19 03:00:00,2025-09-19,3,4,True,False,3.88
2025-09-19 04:00:00,2025-09-19,4,4,True,False,4.23
2025-09-19 05:00:00,2025-09-19,5,4,True,False,3.66
2025-09-19 06:00:00,2025-09-19,6,4,True,False,2.22
2025-09-19 07:00:00,2025-09-19,7,4,True,False,2.39
2025-09-19 08:00:00,2025-09-19,8,4,True,True,10.07
2025-09-19 09:00:00,2025-09-19,9,4,True,True,14.01
2025-09-19 10:00:00,2025-09-19,10,4,True,True,10.45
2025-09-19 11:00:00,2025-09-19,11,4,True,True,13.37
2025-09-19 12:00:00,2025-09-19,12,4,True,True,11.85
2025-09-19 13:00:00,2025-09-19,13,4,True,True,13.16
2025-09-19 14:00:00,2025-09-19,14,4,True,True,11.38
2025-09-19 15:00:00,2025-09-19,15,4,True,True,14.01
2025-09-19 16:00:00,2025-09-19,16,4,True,True,15.36
2025-09-19 17:00:00,2025-09-19,17,4,True,True,11.8
2025-09-19 18:00:00,2025-09-19,18,4,True,True,12.68
2025-09-19 19:00:00,2025-09-19,19,4,True,False,4.06
2025-09-19 20:00:00,2025-09-19,20,4,True,False,3.03
2025-09-19 21:00:00,2025-09-19,21,4,True,False,2.95
2025-09-19 22:00:00,2025-09-19,22,4,True,False,2.39
2025-09-19 23:00:00,2025-09-19,23,4,True,False,2.33
2025-09-20 00:00:00,2025-09-20,0,5,False,False,1.01
2025-09-20 01:00:00,2025-09-20,1,5,False,False,2.0
2025-09-20 02:00:00,2025-09-20,2,5,False,False,1.39
2025-09-20 03:00:00,2025-09-20,3,5,False,False,2.51
2025-09-20 04:00:00,2025-09-20,4,5,False,False,3.58
2025-09-20 05:00:00,2025-09-20,5,5,False,False,1.13
2025-09-20 06:00:00,2025-09-20,6,5,False,False,3.33
2025-09-20 07:00:00,2025-09-20,7,5,False,False,2.51
2025-09-20 08:00:00,2025-09-20,8,5,False,False,1.31
2025-09-20 09:00:00,2025-09-20,9,5,False,False,1.19
2025-09-20 10:00:00,2025-09-20,10,5,False,False,6.19
2025-09-20 11:00:00,2025-09-20,11,5,False,False,6.86
2025-09-20 12:00:00,2025-09-20,12,5,False,False,6.54
2025-09-20 13:00:00,2025-09-20,13,5,False,False,5.92
2025-09-20 14:00:00,2025-09-20,14,5,False,False,6.19
2025-09-20 15:00:00,2025-09-20,15,5,False,False,4.56
2025-09-20 16:00:00,2025-09-20,16,5,False,False,5.38
2025-09-20 17:00:00,2025-09-20,17,5,False,False,2.44
2025-09-20 18:00:00,2025-09-20,18,5,False,False,1.07
2025-09-20 19:00:00,2025-09-20,19,5,False,False,1.43
2025-09-20 20:00:00,2025-09-20,20,5,False,False,2.94
2025-09-20 21:00:00,2025-09-20,21,5,False,False,2.43
2025-09-20 22:00:00,2025-09-20,22,5,False,False,0.65
2025-09-20 23:00:00,2025-09-20,23,5,False,False,1.14
2025-09-21 00:00:00,2025-09-21,0,6,False,False,2.19
2025-09-21 01:00:00,2025-09-21,1,6,False,False,1.44
2025-09-21 02:00:00,2025-09-21,2,6,False,False,1.32
2025-09-21 03:00:00,2025-09-21,3,6,False,False,1.92
2025-09-21 04:00:00,2025-09-21,4,6,False,False,3.05
2025-09-21 05:00:00,2025-09-21,5,6,False,False,1.79
2025-09-21 06:00:00,2025-09-21,6,6,False,False,1.61
2025-09-21 07:00:00,2025-09-21,7,6,False,False,2.41
2025-09-21 08:00:00,2025-09-21,8,6,False,False,2.82
2025-09-21 09:00:00,2025-09-21,9,6,False,False,2.89
2025-09-21 10:00:00,2025-09-21,10,6,False,False,6.39
2025-09-21 11:00:00,2025-09-21,11,6,False,False,6.72
2025-09-21 12:00:00,2025-09-21,12,6,False,False,4.36
2025-09-21 13:00:00,2025-09-21,13,6,False,False,5.98
2025-09-21 14:00:00,2025-09-21,14,6,False,False,4.61
2025-09-21 15:00:00,2025-09-21,15,6,False,False,5.64
2025-09-21 16:00:00,2025-09-21,16,6,False,False,4.26
2025-09-21 17:00:00,2025-09-21,17,6,False,False,2.52
2025-09-21 18:00:00,2025-09-21,18,6,False,False,2.49
2025-09-21 19:00:00,2025-09-21,19,6,False,False,1.67
2025-09-21 20:00:00,2025-09-21,20,6,False,False,2.64
2025-09-21 21:00:00,2025-09-21,21,6,False,False,1.96
2025-09-21 22:00:00,2025-09-21,22,6,False,False,3.29
2025-09-21 23:00:00,2025-09-21,23,6,False,False,2.43
2025-09-22 00:00:00,2025-09-22,0,0,True,False,2.26
2025-09-22 01:00:00,2025-09-22,1,0,True,False,2.26
2025-09-22 02:00:00,2025-09-22,2,0,True,False,2.49
2025-09-22 03:00:00,2025-09-22,3,0,True,False,3.22
2025-09-22 04:00:00,2025-09-22,4,0,True,False,2.55
2025-09-22 05:00:00,2025-09-22,5,0,True,False,3.78
2025-09-22 06:00:00,2025-09-22,6,0,True,False,4.06
2025-09-22 07:00:00,2025-09-22,7,0,True,False,1.89
2025-09-22 08:00:00,2025-09-22,8,0,True,True,10.07
2025-09-22 09:00:00,2025-09-22,9,0,True,True,13.24
2025-09-22 10:00:00,2025-09-22,10,0,True,True,12.91
2025-09-22 11:00:00,2025-09-22,11,0,True,True,14.86
2025-09-22 12:00:00,2025-09-22,12,0,True,True,11.76
2025-09-22 13:00:00,2025-09-22,13,0,True,True,13.92
2025-09-22 14:00:00,2025-09-22,14,0,True,True,13.8
2025-09-22 15:00:00,2025-09-22,15,0,True,True,11.76
2025-09-22 16:00:00,2025-09-22,16,0,True,True,14.69
2025-09-22 17:00:00,2025-09-22,17,0,True,True,14.37
2025-09-22 18:00:00,2025-09-22,18,0,True,True,11.73
2025-09-22 19:00:00,2025-09-22,19,0,True,False,3.05
2025-09-22 20:00:00,2025-09-22,20,0,True,False,4.24
2025-09-22 21:00:00,2025-09-22,21,0,True,False,2.4
2025-09-22 22:00:00,2025-09-22,22,0,True,False,2.45
2025-09-22 23:00:00,2025-09-22,23,0,True,False,2.67
2025-09-23 00:00:00,2025-09-23,0,1,True,False,3.88
2025-09-23 01:00:00,2025-09-23,1,1,True,False,2.36
2025-09-23 02:00:00,2025-09-23,2,1,True,False,3.95
2025-09-23 03:00:00,2025-09-23,3,1,True,False,3.91
2025-09-23 04:00:00,2025-09-23,4,1,True,False,3.24
2025-09-23 05:00:00,2025-09-23,5,1,True,False,2.16
2025-09-23 06:00:00,2025-09-23,6,1,True,False,4.22
2025-09-23 07:00:00,2025-09-23,7,1,True,False,3.11
2025-09-23 08:00:00,2025-09-23,8,1,True,True,10.7
2025-09-23 09:00:00,2025-09-23,9,1,True,True,11.92
2025-09-23 10:00:00,2025-09-23,10,1,True,True,10.78
2025-09-23 11:00:00,2025-09-23,11,1,True,True,12.91
2025-09-23 12:00:00,2025-09-23,12,1,True,True,11.15
2025-09-23 13:00:00,2025-09-23,13,1,True,True,12.57
2025-09-23 14:00:00,2025-09-23,14,1,True,True,10.01
2025-09-23 15:00:00,2025-09-23,15,1,True,True,12.19
2025-09-23 16:00:00,2025-09-23,16,1,True,True,13.31
2025-09-23 17:00:00,2025-09-23,17,1,True,True,13.97
2025-09-23 18:00:00,2025-09-23,18,1,True,True,13.89
2025-09-23 19:00:00,2025-09-23,19,1,True,False,2.04
2025-09-23 20:00:00,2025-09-23,20,1,True,False,3.2
2025-09-23 21:00:00,2025-09-23,21,1,True,False,3.4
2025-09-23 22:00:00,2025-09-23,22,1,True,False,2.86
2025-09-23 23:00:00,2025-09-23,23,1,True,False,2.71
2025-09-24 00:00:00,2025-09-24,0,2,True,False,2.01
2025-09-24 01:00:00,2025-09-24,1,2,True,False,2.05
2025-09-24 02:00:00,2025-09-24,2,2,True,False,3.43
2025-09-24 03:00:00,2025-09-24,3,2,True,False,2.59
2025-09-24 04:00:00,2025-09-24,4,2,True,False,2.42
2025-09-24 05:00:00,2025-09-24,5,2,True,False,3.17
2025-09-24 06:00:00,2025-09-24,6,2,True,False,2.61
2025-09-24 07:00:00,2025-09-24,7,2,True,False,3.85
2025-09-24 08:00:00,2025-09-24,8,2,True,True,13.4
2025-09-24 09:00:00,2025-09-24,9,2,True,True,14.4
2025-09-24 10:00:00,2025-09-24,10,2,True,True,10.43
2025-09-24 11:00:00,2025-09-24,11,2,True,True,14.37
2025-09-24 12:00:00,2025-09-24,12,2,True,True,12.38
2025-09-24 13:00:00,2025-09-24,13,2,True,True,14.31
2025-09-24 14:00:00,2025-09-24,14,2,True,True,10.1
2025-09-24 15:00:00,2025-09-24,15,2,True,True,13.79
2025-09-24 16:00:00,2025-09-24,16,2,True,True,14.18
2025-09-24 17:00:00,2025-09-24,17,2,True,True,13.57
2025-09-24 18:00:00,2025-09-24,18,2,True,True,10.8
2025-09-24 19:00:00,2025-09-24,19,2,True,False,3.53
2025-09-24 20:00:00,2025-09-24,20,2,True,False,2.47
2025-09-24 21:00:00,2025-09-24,21,2,True,False,3.42
2025-09-24 22:00:00,2025-09-24,22,2,True,False,2.93
2025-09-24 23:00:00,2025-09-24,23,2,True,False,2.47
2025-09-25 00:00:00,2025-09-25,0,3,True,False,3.51
2025-09-25 01:00:00,2025-09-25,1,3,True,False,4.05
2025-09-25 02:00:00,2025-09-25,2,3,True,False,2.48
2025-09-25 03:00:00,2025-09-25,3,3,True,False,3.01
2025-09-25 04:00:00,2025-09-25,4,3,True,False,3.98
2025-09-25 05:00:00,2025-09-25,5,3,True,False,2.89
2025-09-25 06:00:00,2025-09-25,6,3,True,False,3.59
2025-09-25 07:00:00,2025-09-25,7,3,True,False,3.61
2025-09-25 08:00:00,2025-09-25,8,3,True,True,11.0
2025-09-25 09:00:00,2025-09-25,9,3,True,True,12.37
2025-09-25 10:00:00,2025-09-25,10,3,True,True,11.19
2025-09-25 11:00:00,2025-09-25,11,3,True,True,12.89
2025-09-25 12:00:00,2025-09-25,12,3,True,True,11.45
2025-09-25 13:00:00,2025-09-25,13,3,True,True,12.05
2025-09-25 14:00:00,2025-09-25,14,3,True,True,15.09
2025-09-25 15:00:00,2025-09-25,15,3,True,True,11.25
2025-09-25 16:00:00,2025-09-25,16,3,True,True,13.4
2025-09-25 17:00:00,2025-09-25,17,3,True,True,10.29
2025-09-25 18:00:00,2025-09-25,18,3,True,True,10.22
2025-09-25 19:00:00,2025-09-25,19,3,True,False,3.73
2025-09-25 20:00:00,2025-09-25,20,3,True,False,3.06
2025-09-25 21:00:00,2025-09-25,21,3,True,False,3.0
2025-09-25 22:00:00,2025-09-25,22,3,True,False,2.59
2025-09-25 23:00:00,2025-09-25,23,3,True,False,3.32
2025-09-26 00:00:00,2025-09-26,0,4,True,False,3.8
2025-09-26 01:00:00,2025-09-26,1,4,True,False,4.13
2025-09-26 02:00:00,2025-09-26,2,4,True,False,2.31
2025-09-26 03:00:00,2025-09-26,3,4,True,False,1.95
2025-09-26 04:00:00,2025-09-26,4,4,True,False,3.02
2025-09-26 05:00:00,2025-09-26,5,4,True,False,3.56
2025-09-26 06:00:00,2025-09-26,6,4,True,False,2.46
2025-09-26 07:00:00,2025-09-26,7,4,True,False,2.3
2025-09-26 08:00:00,2025-09-26,8,4,True,True,14.97
2025-09-26 09:00:00,2025-09-26,9,4,True,True,14.48
2025-09-26 10:00:00,2025-09-26,10,4,True,True,11.64
2025-09-26 11:00:00,2025-09-26,11,4,True,True,14.22
2025-09-26 12:00:00,2025-09-26,12,4,True,True,10.42
2025-09-26 13:00:00,2025-09-26,13,4,True,True,13.56
2025-09-26 14:00:00,2025-09-26,14,4,True,True,14.93
2025-09-26 15:00:00,2025-09-26,15,4,True,True,12.02
2025-09-26 16:00:00,2025-09-26,16,4,True,True,14.5
2025-09-26 17:00:00,2025-09-26,17,4,True,True,13.92
2025-09-26 18:00:00,2025-09-26,18,4,True,True,14.71
2025-09-26 19:00:00,2025-09-26,19,4,True,False,3.84
2025-09-26 20:00:00,2025-09-26,20,4,True,False,3.6
2025-09-26 21:00:00,2025-09-26,21,4,True,False,3.88
2025-09-26 22:00:00,2025-09-26,22,4,True,False,3.06
2025-09-26 23:00:00,2025-09-26,23,4,True,False,3.52
2025-09-27 00:00:00,2025-09-27,0,5,False,False,1.56
2025-09-27 01:00:00,2025-09-27,1,5,False,False,2.4
2025-09-27 02:00:00,2025-09-27,2,5,False,False,3.3
2025-09-27 03:00:00,2025-09-27,3,5,False,False,2.49
2025-09-27 04:00:00,2025-09-27,4,5,False,False,2.3
2025-09-27 05:00:00,2025-09-27,5,5,False,False,1.91
2025-09-27 06:00:00,2025-09-27,6,5,False,False,1.97
2025-09-27 07:00:00,2025-09-27,7,5,False,False,2.7
2025-09-27 08:00:00,2025-09-27,8,5,False,False,2.98
2025-09-27 09:00:00,2025-09-27,9,5,False,False,1.16
2025-09-27 10:00:00,2025-09-27,10,5,False,False,5.25
2025-09-27 11:00:00,2025-09-27,11,5,False,False,5.59
2025-09-27 12:00:00,2025-09-27,12,5,False,False,4.7
2025-09-27 13:00:00,2025-09-27,13,5,False,False,5.03
2025-09-27 14:00:00,2025-09-27,14,5,False,False,4.73
2025-09-27 15:00:00,2025-09-27,15,5,False,False,5.79
2025-09-27 16:00:00,2025-09-27,16,5,False,False,5.18
2025-09-27 17:00:00,2025-09-27,17,5,False,False,2.52
2025-09-27 18:00:00,2025-09-27,18,5,False,False,1.9
2025-09-27 19:00:00,2025-09-27,19,5,False,False,1.68
2025-09-27 20:00:00,2025-09-27,20,5,False,False,2.19
2025-09-27 21:00:00,2025-09-27,21,5,False,False,1.52
2025-09-27 22:00:00,2025-09-27,22,5,False,False,2.42
2025-09-27 23:00:00,2025-09-27,23,5,False,False,2.61
2025-09-28 00:00:00,2025-09-28,0,6,False,False,2.84
2025-09-28 01:00:00,2025-09-28,1,6,False,False,2.97
2025-09-28 02:00:00,2025-09-28,2,6,False,False,1.06
2025-09-28 03:00:00,2025-09-28,3,6,False,False,1.37
2025-09-28 04:00:00,2025-09-28,4,6,False,False,1.71
2025-09-28 05:00:00,2025-09-28,5,6,False,False,1.32
2025-09-28 06:00:00,2025-09-28,6,6,False,False,2.03
2025-09-28 07:00:00,2025-09-28,7,6,False,False,2.34
2025-09-28 08:00:00,2025-09-28,8,6,False,False,2.25
2025-09-28 09:00:00,2025-09-28,9,6,False,False,0.77
2025-09-28 10:00:00,2025-09-28,10,6,False,False,4.25
2025-09-28 11:00:00,2025-09-28,11,6,False,False,5.74
2025-09-28 12:00:00,2025-09-28,12,6,False,False,6.18
2025-09-28 13:00:00,2025-09-28,13,6,False,False,4.49
2025-09-28 14:00:00,2025-09-28,14,6,False,False,7.31
2025-09-28 15:00:00,2025-09-28,15,6,False,False,5.63
2025-09-28 16:00:00,2025-09-28,16,6,False,False,4.27
2025-09-28 17:00:00,2025-09-28,17,6,False,False,2.24
2025-09-28 18:00:00,2025-09-28,18,6,False,False,2.55
2025-09-28 19:00:00,2025-09-28,19,6,False,False,1.54
2025-09-28 20:00:00,2025-09-28,20,6,False,False,2.57
2025-09-28 21:00:00,2025-09-28,21,6,False,False,2.71
2025-09-28 22:00:00,2025-09-28,22,6,False,False,1.93
2025-09-28 23:00:00,2025-09-28,23,6,False,False,1.34
2025-09-29 00:00:00,2025-09-29,0,0,True,False,4.19
2025-09-29 01:00:00,2025-09-29,1,0,True,False,1.94
2025-09-29 02:00:00,2025-09-29,2,0,True,False,3.91
2025-09-29 03:00:00,2025-09-29,3,0,True,False,1.96
2025-09-29 04:00:00,2025-09-29,4,0,True,False,3.37
2025-09-29 05:00:00,2025-09-29,5,0,True,False,2.33
2025-09-29 06:00:00,2025-09-29,6,0,True,False,2.41
2025-09-29 07:00:00,2025-09-29,7,0,True,False,3.58
2025-09-29 08:00:00,2025-09-29,8,0,True,True,11.6
2025-09-29 09:00:00,2025-09-29,9,0,True,True,11.98
2025-09-29 10:00:00,2025-09-29,10,0,True,True,15.06
2025-09-29 11:00:00,2025-09-29,11,0,True,True,11.79
2025-09-29 12:00:00,2025-09-29,12,0,True,True,12.43
2025-09-29 13:00:00,2025-09-29,13,0,True,True,15.29
2025-09-29 14:00:00,2025-09-29,14,0,True,True,10.73
2025-09-29 15:00:00,2025-09-29,15,0,True,True,12.73
2025-09-29 16:00:00,2025-09-29,16,0,True,True,11.04
2025-09-29 17:00:00,2025-09-29,17,0,True,True,11.56
2025-09-29 18:00:00,2025-09-29,18,0,True,True,10.12
2025-09-29 19:00:00,2025-09-29,19,0,True,False,3.61
2025-09-29 20:00:00,2025-09-29,20,0,True,False,2.78
2025-09-29 21:00:00,2025-09-29,21,0,True,False,3.33
2025-09-29 22:00:00,2025-09-29,22,0,True,False,2.71
2025-09-29 23:00:00,2025-09-29,23,0,True,False,2.97
2025-09-30 00:00:00,2025-09-30,0,1,True,False,4.2
2025-09-30 01:00:00,2025-09-30,1,1,True,False,4.05
2025-09-30 02:00:00,2025-09-30,2,1,True,False,2.96
2025-09-30 03:00:00,2025-09-30,3,1,True,False,3.71
2025-09-30 04:00:00,2025-09-30,4,1,True,False,2.05
2025-09-30 05:00:00,2025-09-30,5,1,True,False,3.26
2025-09-30 06:00:00,2025-09-30,6,1,True,False,2.67
2025-09-30 07:00:00,2025-09-30,7,1,True,False,2.6
2025-09-30 08:00:00,2025-09-30,8,1,True,True,13.16
2025-09-30 09:00:00,2025-09-30,9,1,True,True,10.34
2025-09-30 10:00:00,2025-09-30,10,1,True,True,14.98
2025-09-30 11:00:00,2025-09-30,11,1,True,True,14.44
2025-09-30 12:00:00,2025-09-30,12,1,True,True,12.38
2025-09-30 13:00:00,2025-09-30,13,1,True,True,13.84
2025-09-30 14:00:00,2025-09-30,14,1,True,True,10.79
2025-09-30 15:00:00,2025-09-30,15,1,True,True,13.72
2025-09-30 16:00:00,2025-09-30,16,1,True,True,9.86
2025-09-30 17:00:00,2025-09-30,17,1,True,True,11.53
2025-09-30 18:00:00,2025-09-30,18,1,True,True,10.46
2025-09-30 19:00:00,2025-09-30,19,1,True,False,2.82
2025-09-30 20:00:00,2025-09-30,20,1,True,False,3.44
2025-09-30 21:00:00,2025-09-30,21,1,True,False,2.69
2025-09-30 22:00:00,2025-09-30,22,1,True,False,3.91
2025-09-30 23:00:00,2025-09-30,23,1,True,False,3.7
